date,text
2024-01-02,Apple shares rise after strong earnings outlook
2024-01-03,Analysts warn about weaker demand in the technology sector
2024-01-04,Market remains neutral ahead of inflation data
2024-01-05,Tesla stock falls as investors worry about margin pressure
2024-01-08,Technology stocks gain after positive analyst reports
2024-01-09,Investors remain cautious ahead of Federal Reserve decision
2024-01-10,Apple faces regulatory pressure in European markets
2024-01-11,Strong demand for artificial intelligence chips boosts market sentiment
2024-01-12,Crypto markets decline after risk appetite weakens
2024-01-16,Stocks trade higher as inflation concerns ease
